,Header,Title,Timestamp,search_string,Search Engine,News link
0,Gadgets 360,"AI Powers Microsoft to $3 Trillion Market Value, Second to Apple",2024-01-25 17:40:48.995997,AppleStock Price,YAHOO,https://www.gadgets360.com/internet/news/microsoft-usd-3-trillion-market-value-ai-openai-chatgpt-apple-4930306
1,Business Insider India,"Microsoft now a $3 trillion company, second after Apple",2024-01-25 10:40:49.011673,AppleStock Price,YAHOO,https://www.businessinsider.in/business/news/microsoft-now-a-3-trillion-company-second-after-apple/articleshow/107133467.cms
2,Livemint,Indian stock market: 7 key things that changed for market overnight,2024-01-25 07:40:49.011673,AppleStock Price,YAHOO,https://www.livemint.com/market/stock-market-news/indian-stock-market-7-key-things-that-changed-for-market-overnight-gift-nifty-us-business-activity-to-oil-prices-11706147162392.html
3,The Times of India,Microsoft briefly overtakes Apple as world's most valuable company with $3 trillion valuation | -...,2024-01-25 12:40:49.011673,AppleStock Price,YAHOO,https://timesofindia.indiatimes.com/gadgets-news/microsoft-briefly-overtakes-apple-as-worlds-most-valuable-company-with-3-trillion-valuation/articleshow/107137643.cms
4,Mashable India,"Microsoft Breaks Into The Three Trillion-Dollar Club, Nearing Apple's Market Dominance",2024-01-25 10:40:49.029522,AppleStock Price,YAHOO,https://in.mashable.com/tech/68265/microsoft-breaks-into-the-three-trillion-dollar-club-nearing-apples-market-dominance
5,News18,Want Apple Vision Pro At Launch? Be Ready To Pay Twice The RetailPrice - Here's Why - News18,2024-01-22 19:40:49.029522,AppleStock Price,YAHOO,https://www.news18.com/tech/want-apple-vision-pro-at-launch-be-ready-to-pay-twice-the-retail-price-heres-why-8749492.html
6,Livemint,"AI race propels Microsoft, Meta, and Google to new highs. Here's why",2024-01-25 11:40:49.029522,AppleStock Price,YAHOO,https://www.livemint.com/companies/news/ai-race-propels-silicon-valley-tech-firms-microsoft-meta-and-google-to-new-highs-heres-why-11706157543757.html
7,DNA India,"Microsoft’s market cap breaches 300000 crore dollar mark, becomes second company to do so after…",2024-01-25 10:40:49.043036,AppleStock Price,YAHOO,https://www.dnaindia.com/business/report-microsoft-s-market-cap-breaches-300000-crore-dollar-mark-becomes-second-company-to-do-so-after-3075553
8,Livemint,Spotify's victory: Audiobooks and in-app subscriptions to roll out in March,2024-01-25 11:40:49.044046,AppleStock Price,YAHOO,https://www.livemint.com/technology/tech-news/spotify-takes-on-apple-audiobooks-and-subscriptions-available-in-app-bypassing-30-fee-11706161723823.html
9,Livemint,"Flipkart Republic Day Sale: iPhone 15 available under ₹45,000. Here's how to a",2024-01-19 19:40:49.044046,AppleStock Price,YAHOO,https://www.livemint.com/technology/gadgets/flipkart-republic-day-sale-iphone-15-available-under-rs-45-000-heres-how-to-avail-the-offer-11705632119869.html
10,Gadgets 360,"AI Powers Microsoft to $3 Trillion Market Value, Second to Apple",2024-01-25 17:40:49.044046,AppleStock Price,YAHOO,https://www.gadgets360.com/internet/news/microsoft-usd-3-trillion-market-value-ai-openai-chatgpt-apple-4930306
11,Business Insider India,"Microsoft now a $3 trillion company, second after Apple",2024-01-25 10:40:49.059075,AppleStock Price,YAHOO,https://www.businessinsider.in/business/news/microsoft-now-a-3-trillion-company-second-after-apple/articleshow/107133467.cms
12,Livemint,Indian stock market: 7 key things that changed for market overnight,2024-01-25 07:40:49.059075,AppleStock Price,YAHOO,https://www.livemint.com/market/stock-market-news/indian-stock-market-7-key-things-that-changed-for-market-overnight-gift-nifty-us-business-activity-to-oil-prices-11706147162392.html
13,The Times of India,Microsoft briefly overtakes Apple as world's most valuable company with $3 trillion valuation | -...,2024-01-25 12:40:49.059075,AppleStock Price,YAHOO,https://timesofindia.indiatimes.com/gadgets-news/microsoft-briefly-overtakes-apple-as-worlds-most-valuable-company-with-3-trillion-valuation/articleshow/107137643.cms
14,Mashable India,"Microsoft Breaks Into The Three Trillion-Dollar Club, Nearing Apple's Market Dominance",2024-01-25 10:40:49.059075,AppleStock Price,YAHOO,https://in.mashable.com/tech/68265/microsoft-breaks-into-the-three-trillion-dollar-club-nearing-apples-market-dominance
15,News18,Want Apple Vision Pro At Launch? Be Ready To Pay Twice The RetailPrice - Here's Why - News18,2024-01-22 19:40:49.074705,AppleStock Price,YAHOO,https://www.news18.com/tech/want-apple-vision-pro-at-launch-be-ready-to-pay-twice-the-retail-price-heres-why-8749492.html
16,Livemint,"AI race propels Microsoft, Meta, and Google to new highs. Here's why",2024-01-25 11:40:49.074705,AppleStock Price,YAHOO,https://www.livemint.com/companies/news/ai-race-propels-silicon-valley-tech-firms-microsoft-meta-and-google-to-new-highs-heres-why-11706157543757.html
17,DNA India,"Microsoft’s market cap breaches 300000 crore dollar mark, becomes second company to do so after…",2024-01-25 10:40:49.074705,AppleStock Price,YAHOO,https://www.dnaindia.com/business/report-microsoft-s-market-cap-breaches-300000-crore-dollar-mark-becomes-second-company-to-do-so-after-3075553
18,Livemint,Spotify's victory: Audiobooks and in-app subscriptions to roll out in March,2024-01-25 11:40:49.074705,AppleStock Price,YAHOO,https://www.livemint.com/technology/tech-news/spotify-takes-on-apple-audiobooks-and-subscriptions-available-in-app-bypassing-30-fee-11706161723823.html
19,Livemint,"Flipkart Republic Day Sale: iPhone 15 available under ₹45,000. Here's how to a",2024-01-19 19:40:49.090326,AppleStock Price,YAHOO,https://www.livemint.com/technology/gadgets/flipkart-republic-day-sale-iphone-15-available-under-rs-45-000-heres-how-to-avail-the-offer-11705632119869.html
20,Gadgets 360,"AI Powers Microsoft to $3 Trillion Market Value, Second to Apple",2024-01-25 17:40:49.090326,AppleStock Price,YAHOO,https://www.gadgets360.com/internet/news/microsoft-usd-3-trillion-market-value-ai-openai-chatgpt-apple-4930306
21,Business Insider India,"Microsoft now a $3 trillion company, second after Apple",2024-01-25 10:40:49.090326,AppleStock Price,YAHOO,https://www.businessinsider.in/business/news/microsoft-now-a-3-trillion-company-second-after-apple/articleshow/107133467.cms
22,Livemint,Indian stock market: 7 key things that changed for market overnight,2024-01-25 07:40:49.090326,AppleStock Price,YAHOO,https://www.livemint.com/market/stock-market-news/indian-stock-market-7-key-things-that-changed-for-market-overnight-gift-nifty-us-business-activity-to-oil-prices-11706147162392.html
23,The Times of India,Microsoft briefly overtakes Apple as world's most valuable company with $3 trillion valuation | -...,2024-01-25 12:40:49.105948,AppleStock Price,YAHOO,https://timesofindia.indiatimes.com/gadgets-news/microsoft-briefly-overtakes-apple-as-worlds-most-valuable-company-with-3-trillion-valuation/articleshow/107137643.cms
24,Mashable India,"Microsoft Breaks Into The Three Trillion-Dollar Club, Nearing Apple's Market Dominance",2024-01-25 10:40:49.105948,AppleStock Price,YAHOO,https://in.mashable.com/tech/68265/microsoft-breaks-into-the-three-trillion-dollar-club-nearing-apples-market-dominance
25,News18,Want Apple Vision Pro At Launch? Be Ready To Pay Twice The RetailPrice - Here's Why - News18,2024-01-22 19:40:49.105948,AppleStock Price,YAHOO,https://www.news18.com/tech/want-apple-vision-pro-at-launch-be-ready-to-pay-twice-the-retail-price-heres-why-8749492.html
26,Livemint,"AI race propels Microsoft, Meta, and Google to new highs. Here's why",2024-01-25 11:40:49.121569,AppleStock Price,YAHOO,https://www.livemint.com/companies/news/ai-race-propels-silicon-valley-tech-firms-microsoft-meta-and-google-to-new-highs-heres-why-11706157543757.html
27,DNA India,"Microsoft’s market cap breaches 300000 crore dollar mark, becomes second company to do so after…",2024-01-25 10:40:49.121569,AppleStock Price,YAHOO,https://www.dnaindia.com/business/report-microsoft-s-market-cap-breaches-300000-crore-dollar-mark-becomes-second-company-to-do-so-after-3075553
28,Livemint,Spotify's victory: Audiobooks and in-app subscriptions to roll out in March,2024-01-25 11:40:49.121569,AppleStock Price,YAHOO,https://www.livemint.com/technology/tech-news/spotify-takes-on-apple-audiobooks-and-subscriptions-available-in-app-bypassing-30-fee-11706161723823.html
29,Livemint,"Flipkart Republic Day Sale: iPhone 15 available under ₹45,000. Here's how to a",2024-01-19 19:40:49.121569,AppleStock Price,YAHOO,https://www.livemint.com/technology/gadgets/flipkart-republic-day-sale-iphone-15-available-under-rs-45-000-heres-how-to-avail-the-offer-11705632119869.html
30,The Economic Times,Apple bids to throw out $1 billion UK lawsuit over app store fees,2024-01-23 19:40:54.872901,AppleLaw Suits,YAHOO,https://economictimes.indiatimes.com/tech/technology/apple-bids-to-throw-out-1-billion-uk-lawsuit-over-app-store-fees/articleshow/107090351.cms
31,Daiji World,Apple to pay iPhone 7 users who faced 'loop disease' audio issues,2024-01-19 19:40:54.877962,AppleLaw Suits,YAHOO,https://daijiworld.com/news/newsDisplay?newsID=1159885
32,The Economic Times,"Explained: Why are Apple, Amazon, Google and Meta facing antitrust lawsuits and huge fines?",2024-01-24 19:40:54.877962,AppleLaw Suits,YAHOO,https://economictimes.indiatimes.com/tech/technology/explained-why-are-apple-amazon-google-and-meta-facing-antitrust-lawsuits-and-huge-fines/articleshow/107102982.cms
33,The Times of India,Apple scores early victory against Pegasus spyware maker: Key details - Times of India,2024-01-24 19:40:54.877962,AppleLaw Suits,YAHOO,https://timesofindia.indiatimes.com/gadgets-news/apple-scores-early-victory-against-pegasus-spyware-maker-key-details/articleshow/107116720.cms
34,Livemint,Spotify's victory: Audiobooks and in-app subscriptions to roll out in March,2024-01-25 11:40:54.877962,AppleLaw Suits,YAHOO,https://www.livemint.com/technology/tech-news/spotify-takes-on-apple-audiobooks-and-subscriptions-available-in-app-bypassing-30-fee-11706161723823.html
35,Livemint,"AI race propels Microsoft, Meta, and Google to new highs. Here's why",2024-01-25 11:40:54.895615,AppleLaw Suits,YAHOO,https://www.livemint.com/companies/news/ai-race-propels-silicon-valley-tech-firms-microsoft-meta-and-google-to-new-highs-heres-why-11706157543757.html
36,Mashable India,"Apple's Decision To Drop Blood Oxygen Feature Raises Questions About Sleep Apnea Detection, Warns...",2024-01-22 19:40:54.895615,AppleLaw Suits,YAHOO,https://in.mashable.com/tech/68011/apples-decision-to-drop-blood-oxygen-feature-raises-questions-about-sleep-apnea-detection-warns-mark
37,The Economic Times,Spotify to start in-app purchases on iPhone in Europe after DMA takes effect - ET BrandEquity,2024-01-25 11:40:54.895615,AppleLaw Suits,YAHOO,https://brandequity.economictimes.indiatimes.com/news/business-of-brands/spotify-to-start-in-app-purchases-on-iphone-in-europe-after-dma-takes-effect/107131757
38,NBC Sports Philadelphia,Flyers address Carter Hart's status amid 2018 sexual assault inquiry,2024-01-25 04:40:54.909669,AppleLaw Suits,YAHOO,https://www.nbcsportsphiladelphia.com/nhl/philadelphia-flyers/flyers-general-manager-danny-briere-talks-carter-hart-situation-hockey-canada-reports-more/560764/?partner=yahoo
39,Business Standard India,OPPO signs cross-licence agreement with Nokia to resolve patent dispute,2024-01-25 11:40:54.913252,AppleLaw Suits,YAHOO,https://www.business-standard.com/technology/tech-news/oppo-signs-cross-licence-agreement-with-nokia-to-resolve-patent-dispute-124012500253_1.html
40,The Economic Times,Apple bids to throw out $1 billion UK lawsuit over app store fees,2024-01-23 19:40:54.913252,AppleLaw Suits,YAHOO,https://economictimes.indiatimes.com/tech/technology/apple-bids-to-throw-out-1-billion-uk-lawsuit-over-app-store-fees/articleshow/107090351.cms
41,Daiji World,Apple to pay iPhone 7 users who faced 'loop disease' audio issues,2024-01-19 19:40:54.925805,AppleLaw Suits,YAHOO,https://daijiworld.com/news/newsDisplay?newsID=1159885
42,The Economic Times,"Explained: Why are Apple, Amazon, Google and Meta facing antitrust lawsuits and huge fines?",2024-01-24 19:40:54.925805,AppleLaw Suits,YAHOO,https://economictimes.indiatimes.com/tech/technology/explained-why-are-apple-amazon-google-and-meta-facing-antitrust-lawsuits-and-huge-fines/articleshow/107102982.cms
43,The Times of India,Apple scores early victory against Pegasus spyware maker: Key details - Times of India,2024-01-24 19:40:54.925805,AppleLaw Suits,YAHOO,https://timesofindia.indiatimes.com/gadgets-news/apple-scores-early-victory-against-pegasus-spyware-maker-key-details/articleshow/107116720.cms
44,Livemint,Spotify's victory: Audiobooks and in-app subscriptions to roll out in March,2024-01-25 11:40:54.925805,AppleLaw Suits,YAHOO,https://www.livemint.com/technology/tech-news/spotify-takes-on-apple-audiobooks-and-subscriptions-available-in-app-bypassing-30-fee-11706161723823.html
45,Livemint,"AI race propels Microsoft, Meta, and Google to new highs. Here's why",2024-01-25 11:40:54.925805,AppleLaw Suits,YAHOO,https://www.livemint.com/companies/news/ai-race-propels-silicon-valley-tech-firms-microsoft-meta-and-google-to-new-highs-heres-why-11706157543757.html
46,Mashable India,"Apple's Decision To Drop Blood Oxygen Feature Raises Questions About Sleep Apnea Detection, Warns...",2024-01-22 19:40:54.943281,AppleLaw Suits,YAHOO,https://in.mashable.com/tech/68011/apples-decision-to-drop-blood-oxygen-feature-raises-questions-about-sleep-apnea-detection-warns-mark
47,The Economic Times,Spotify to start in-app purchases on iPhone in Europe after DMA takes effect - ET BrandEquity,2024-01-25 11:40:54.943281,AppleLaw Suits,YAHOO,https://brandequity.economictimes.indiatimes.com/news/business-of-brands/spotify-to-start-in-app-purchases-on-iphone-in-europe-after-dma-takes-effect/107131757
48,NBC Sports Philadelphia,Flyers address Carter Hart's status amid 2018 sexual assault inquiry,2024-01-25 04:40:54.943281,AppleLaw Suits,YAHOO,https://www.nbcsportsphiladelphia.com/nhl/philadelphia-flyers/flyers-general-manager-danny-briere-talks-carter-hart-situation-hockey-canada-reports-more/560764/?partner=yahoo
49,Business Standard India,OPPO signs cross-licence agreement with Nokia to resolve patent dispute,2024-01-25 11:40:54.943281,AppleLaw Suits,YAHOO,https://www.business-standard.com/technology/tech-news/oppo-signs-cross-licence-agreement-with-nokia-to-resolve-patent-dispute-124012500253_1.html
50,The Economic Times,Apple bids to throw out $1 billion UK lawsuit over app store fees,2024-01-23 19:40:54.943281,AppleLaw Suits,YAHOO,https://economictimes.indiatimes.com/tech/technology/apple-bids-to-throw-out-1-billion-uk-lawsuit-over-app-store-fees/articleshow/107090351.cms
51,Daiji World,Apple to pay iPhone 7 users who faced 'loop disease' audio issues,2024-01-19 19:40:54.943281,AppleLaw Suits,YAHOO,https://daijiworld.com/news/newsDisplay?newsID=1159885
52,The Economic Times,"Explained: Why are Apple, Amazon, Google and Meta facing antitrust lawsuits and huge fines?",2024-01-24 19:40:54.957325,AppleLaw Suits,YAHOO,https://economictimes.indiatimes.com/tech/technology/explained-why-are-apple-amazon-google-and-meta-facing-antitrust-lawsuits-and-huge-fines/articleshow/107102982.cms
53,The Times of India,Apple scores early victory against Pegasus spyware maker: Key details - Times of India,2024-01-24 19:40:54.957325,AppleLaw Suits,YAHOO,https://timesofindia.indiatimes.com/gadgets-news/apple-scores-early-victory-against-pegasus-spyware-maker-key-details/articleshow/107116720.cms
54,Livemint,Spotify's victory: Audiobooks and in-app subscriptions to roll out in March,2024-01-25 11:40:54.957325,AppleLaw Suits,YAHOO,https://www.livemint.com/technology/tech-news/spotify-takes-on-apple-audiobooks-and-subscriptions-available-in-app-bypassing-30-fee-11706161723823.html
55,Livemint,"AI race propels Microsoft, Meta, and Google to new highs. Here's why",2024-01-25 11:40:54.957325,AppleLaw Suits,YAHOO,https://www.livemint.com/companies/news/ai-race-propels-silicon-valley-tech-firms-microsoft-meta-and-google-to-new-highs-heres-why-11706157543757.html
56,Mashable India,"Apple's Decision To Drop Blood Oxygen Feature Raises Questions About Sleep Apnea Detection, Warns...",2024-01-22 19:40:54.957325,AppleLaw Suits,YAHOO,https://in.mashable.com/tech/68011/apples-decision-to-drop-blood-oxygen-feature-raises-questions-about-sleep-apnea-detection-warns-mark
57,The Economic Times,Spotify to start in-app purchases on iPhone in Europe after DMA takes effect - ET BrandEquity,2024-01-25 11:40:54.957325,AppleLaw Suits,YAHOO,https://brandequity.economictimes.indiatimes.com/news/business-of-brands/spotify-to-start-in-app-purchases-on-iphone-in-europe-after-dma-takes-effect/107131757
58,NBC Sports Philadelphia,Flyers address Carter Hart's status amid 2018 sexual assault inquiry,2024-01-25 04:40:54.957325,AppleLaw Suits,YAHOO,https://www.nbcsportsphiladelphia.com/nhl/philadelphia-flyers/flyers-general-manager-danny-briere-talks-carter-hart-situation-hockey-canada-reports-more/560764/?partner=yahoo
59,Business Standard India,OPPO signs cross-licence agreement with Nokia to resolve patent dispute,2024-01-25 11:40:54.957325,AppleLaw Suits,YAHOO,https://www.business-standard.com/technology/tech-news/oppo-signs-cross-licence-agreement-with-nokia-to-resolve-patent-dispute-124012500253_1.html
60,Livemint,"AI race propels Microsoft, Meta, and Google to new highs. Here's why",2024-01-25 11:40:59.632782,GoogleStock Price,YAHOO,https://www.livemint.com/companies/news/ai-race-propels-silicon-valley-tech-firms-microsoft-meta-and-google-to-new-highs-heres-why-11706157543757.html
61,Gadgets 360,"AI Powers Microsoft to $3 Trillion Market Value, Second to Apple",2024-01-25 17:40:59.632782,GoogleStock Price,YAHOO,https://www.gadgets360.com/internet/news/microsoft-usd-3-trillion-market-value-ai-openai-chatgpt-apple-4930306
62,The Economic Times,Stock Radar: Down 20% from highs! This smallcap stock is showing signs of bottoming out; time to...,2024-01-25 09:40:59.648403,GoogleStock Price,YAHOO,https://economictimes.indiatimes.com/markets/stocks/news/stock-radar-down-20-from-highs-this-smallcap-stock-is-showing-signs-of-bottoming-out-time-to-buy/articleshow/107110896.cms
63,Business Standard India,Analysts downgrade Zee Entertainment stock after Sony deal falls through,2024-01-22 19:40:59.648403,GoogleStock Price,YAHOO,https://www.business-standard.com/companies/news/analysts-downgrade-zee-entertainment-stock-after-sony-deal-falls-through-124012200791_1.html
64,Livemint,Explore vivid visual experience with best QLED TVs in India: Top 9 picks,2024-01-25 17:40:59.648403,GoogleStock Price,YAHOO,https://www.livemint.com/technology/gadgets/explore-vivid-visual-experience-with-best-qled-tvs-in-india-top-9-picks-11706175933708.html
65,Livemint,"New rules on pension fund withdrawal, bulk emails to take effect on February 1",2024-01-22 19:40:59.664023,GoogleStock Price,YAHOO,https://www.livemint.com/news/india/from-pension-fund-withdrawal-norms-to-bulk-email-guidelines-these-rules-will-change-from-feb-1-details-here-11705921415508.html
66,Livemint,Satya Nadella compares Rabbit R1 AI assistant to original iPhone,2024-01-20 19:40:59.664023,GoogleStock Price,YAHOO,https://www.livemint.com/technology/tech-news/microsoft-ceo-satya-nadella-praises-rabbit-r1-ai-assistant-steve-jobs-iphone-launch-one-of-the-most-impressive-11705722271026.html
67,Livemint,Amazon Republic Day Sale: Grab wireless security cameras with up to 64% off,2024-01-19 19:40:59.664023,GoogleStock Price,YAHOO,https://www.livemint.com/technology/gadgets/amazon-republic-day-sale-grab-wireless-security-cameras-with-up-to-64-off-11705666273941.html
68,Business Insider India,The surprising reason millennial parents are miserable,2024-01-23 19:40:59.679645,GoogleStock Price,YAHOO,https://www.businessinsider.in/videos/news/the-surprising-reason-millennial-parents-are-miserable/videoshow/107000377.cms
69,Livemint,Elon Musk dismisses reports about AI company's $500 mn funding as ‘fake news’,2024-01-21 19:40:59.683162,GoogleStock Price,YAHOO,https://www.livemint.com/companies/people/elon-musk-dismisses-reports-about-ai-companys-funding-as-fake-news-11705804921977.html
70,Livemint,"AI race propels Microsoft, Meta, and Google to new highs. Here's why",2024-01-25 11:40:59.683162,GoogleStock Price,YAHOO,https://www.livemint.com/companies/news/ai-race-propels-silicon-valley-tech-firms-microsoft-meta-and-google-to-new-highs-heres-why-11706157543757.html
71,Gadgets 360,"AI Powers Microsoft to $3 Trillion Market Value, Second to Apple",2024-01-25 17:40:59.695673,GoogleStock Price,YAHOO,https://www.gadgets360.com/internet/news/microsoft-usd-3-trillion-market-value-ai-openai-chatgpt-apple-4930306
72,The Economic Times,Stock Radar: Down 20% from highs! This smallcap stock is showing signs of bottoming out; time to...,2024-01-25 09:40:59.695673,GoogleStock Price,YAHOO,https://economictimes.indiatimes.com/markets/stocks/news/stock-radar-down-20-from-highs-this-smallcap-stock-is-showing-signs-of-bottoming-out-time-to-buy/articleshow/107110896.cms
73,Business Standard India,Analysts downgrade Zee Entertainment stock after Sony deal falls through,2024-01-22 19:40:59.695673,GoogleStock Price,YAHOO,https://www.business-standard.com/companies/news/analysts-downgrade-zee-entertainment-stock-after-sony-deal-falls-through-124012200791_1.html
74,Livemint,Explore vivid visual experience with best QLED TVs in India: Top 9 picks,2024-01-25 17:40:59.695673,GoogleStock Price,YAHOO,https://www.livemint.com/technology/gadgets/explore-vivid-visual-experience-with-best-qled-tvs-in-india-top-9-picks-11706175933708.html
75,Livemint,"New rules on pension fund withdrawal, bulk emails to take effect on February 1",2024-01-22 19:40:59.711303,GoogleStock Price,YAHOO,https://www.livemint.com/news/india/from-pension-fund-withdrawal-norms-to-bulk-email-guidelines-these-rules-will-change-from-feb-1-details-here-11705921415508.html
76,Livemint,Satya Nadella compares Rabbit R1 AI assistant to original iPhone,2024-01-20 19:40:59.711303,GoogleStock Price,YAHOO,https://www.livemint.com/technology/tech-news/microsoft-ceo-satya-nadella-praises-rabbit-r1-ai-assistant-steve-jobs-iphone-launch-one-of-the-most-impressive-11705722271026.html
77,Livemint,Amazon Republic Day Sale: Grab wireless security cameras with up to 64% off,2024-01-19 19:40:59.711303,GoogleStock Price,YAHOO,https://www.livemint.com/technology/gadgets/amazon-republic-day-sale-grab-wireless-security-cameras-with-up-to-64-off-11705666273941.html
78,Business Insider India,The surprising reason millennial parents are miserable,2024-01-23 19:40:59.711303,GoogleStock Price,YAHOO,https://www.businessinsider.in/videos/news/the-surprising-reason-millennial-parents-are-miserable/videoshow/107000377.cms
79,Livemint,Elon Musk dismisses reports about AI company's $500 mn funding as ‘fake news’,2024-01-21 19:40:59.711303,GoogleStock Price,YAHOO,https://www.livemint.com/companies/people/elon-musk-dismisses-reports-about-ai-companys-funding-as-fake-news-11705804921977.html
80,Livemint,"AI race propels Microsoft, Meta, and Google to new highs. Here's why",2024-01-25 11:40:59.711303,GoogleStock Price,YAHOO,https://www.livemint.com/companies/news/ai-race-propels-silicon-valley-tech-firms-microsoft-meta-and-google-to-new-highs-heres-why-11706157543757.html
81,Gadgets 360,"AI Powers Microsoft to $3 Trillion Market Value, Second to Apple",2024-01-25 17:40:59.726923,GoogleStock Price,YAHOO,https://www.gadgets360.com/internet/news/microsoft-usd-3-trillion-market-value-ai-openai-chatgpt-apple-4930306
82,The Economic Times,Stock Radar: Down 20% from highs! This smallcap stock is showing signs of bottoming out; time to...,2024-01-25 09:40:59.726923,GoogleStock Price,YAHOO,https://economictimes.indiatimes.com/markets/stocks/news/stock-radar-down-20-from-highs-this-smallcap-stock-is-showing-signs-of-bottoming-out-time-to-buy/articleshow/107110896.cms
83,Business Standard India,Analysts downgrade Zee Entertainment stock after Sony deal falls through,2024-01-22 19:40:59.726923,GoogleStock Price,YAHOO,https://www.business-standard.com/companies/news/analysts-downgrade-zee-entertainment-stock-after-sony-deal-falls-through-124012200791_1.html
84,Livemint,Explore vivid visual experience with best QLED TVs in India: Top 9 picks,2024-01-25 17:40:59.726923,GoogleStock Price,YAHOO,https://www.livemint.com/technology/gadgets/explore-vivid-visual-experience-with-best-qled-tvs-in-india-top-9-picks-11706175933708.html
85,Livemint,"New rules on pension fund withdrawal, bulk emails to take effect on February 1",2024-01-22 19:40:59.726923,GoogleStock Price,YAHOO,https://www.livemint.com/news/india/from-pension-fund-withdrawal-norms-to-bulk-email-guidelines-these-rules-will-change-from-feb-1-details-here-11705921415508.html
86,Livemint,Satya Nadella compares Rabbit R1 AI assistant to original iPhone,2024-01-20 19:40:59.726923,GoogleStock Price,YAHOO,https://www.livemint.com/technology/tech-news/microsoft-ceo-satya-nadella-praises-rabbit-r1-ai-assistant-steve-jobs-iphone-launch-one-of-the-most-impressive-11705722271026.html
87,Livemint,Amazon Republic Day Sale: Grab wireless security cameras with up to 64% off,2024-01-19 19:40:59.726923,GoogleStock Price,YAHOO,https://www.livemint.com/technology/gadgets/amazon-republic-day-sale-grab-wireless-security-cameras-with-up-to-64-off-11705666273941.html
88,Business Insider India,The surprising reason millennial parents are miserable,2024-01-23 19:40:59.742544,GoogleStock Price,YAHOO,https://www.businessinsider.in/videos/news/the-surprising-reason-millennial-parents-are-miserable/videoshow/107000377.cms
89,Livemint,Elon Musk dismisses reports about AI company's $500 mn funding as ‘fake news’,2024-01-21 19:40:59.742544,GoogleStock Price,YAHOO,https://www.livemint.com/companies/people/elon-musk-dismisses-reports-about-ai-companys-funding-as-fake-news-11705804921977.html
90,The Economic Times,Google settles AI-related chip patent lawsuit that sought $1.67 billion - ET BrandEquity,2024-01-25 13:41:04.343809,GoogleLaw Suits,YAHOO,https://brandequity.economictimes.indiatimes.com/news/digital/google-settles-ai-related-chip-patent-lawsuit-that-sought-1-67-billion/107140044
91,Firstpost,Google settles AI-chip IP infringement case that sought $1.6 bn damages for undisclosed amount,2024-01-25 10:41:04.343809,GoogleLaw Suits,YAHOO,https://www.firstpost.com/tech/google-settles-ai-chip-ip-infringement-case-that-sought-1-6-bn-damages-for-undisclosed-amount-13653312.html
92,The Economic Times,"Explained: Why are Apple, Amazon, Google and Meta facing antitrust lawsuits and huge fines?",2024-01-24 19:41:04.359487,GoogleLaw Suits,YAHOO,https://economictimes.indiatimes.com/tech/technology/explained-why-are-apple-amazon-google-and-meta-facing-antitrust-lawsuits-and-huge-fines/articleshow/107102982.cms
93,Outlook India,Delhi HC Asks Google To Suspend Links By Imposters For Starbucks Franchise,2024-01-24 19:41:04.359487,GoogleLaw Suits,YAHOO,https://www.outlookindia.com/national/delhi-hc-asks-google-to-suspend-links-by-imposters-for-starbucks-franchise-news-345279
94,Livemint,"AI race propels Microsoft, Meta, and Google to new highs. Here's why",2024-01-25 11:41:04.359487,GoogleLaw Suits,YAHOO,https://www.livemint.com/companies/news/ai-race-propels-silicon-valley-tech-firms-microsoft-meta-and-google-to-new-highs-heres-why-11706157543757.html
95,Business Insider India,Google Incognito mode has a new disclaimer – You are being tracked,2024-01-19 19:41:04.375105,GoogleLaw Suits,YAHOO,https://www.businessinsider.in/tech/news/google-incognito-mode-has-a-new-disclaimer-you-are-being-tracked/articleshow/106978305.cms
96,The Times of India,Google will soon tell Chrome users that incognito mode is ‘useless' - Times of India,2024-01-22 19:41:04.375105,GoogleLaw Suits,YAHOO,https://timesofindia.indiatimes.com/gadgets-news/google-chromes-incognito-mode-useless-for-data-privacy/articleshow_new/107048769.cms
97,LaptopMag,Chrome Incognito mode isn't as private as you thought,2024-01-18 19:41:04.375105,GoogleLaw Suits,YAHOO,https://www.laptopmag.com/software/browsers-search-engines/chrome-incognito-mode-isnt-as-private-as-you-thought
98,Business Standard India,OPPO signs cross-licence agreement with Nokia to resolve patent dispute,2024-01-25 11:41:04.375105,GoogleLaw Suits,YAHOO,https://www.business-standard.com/technology/tech-news/oppo-signs-cross-licence-agreement-with-nokia-to-resolve-patent-dispute-124012500253_1.html
99,The Economic Times,US states flex new power to steer antitrust lawsuits - ET LegalWorld,2024-01-20 19:41:04.390721,GoogleLaw Suits,YAHOO,https://legal.economictimes.indiatimes.com/news/international/us-states-flex-new-power-to-steer-antitrust-lawsuits/107012423
100,The Economic Times,Google settles AI-related chip patent lawsuit that sought $1.67 billion - ET BrandEquity,2024-01-25 13:41:04.393776,GoogleLaw Suits,YAHOO,https://brandequity.economictimes.indiatimes.com/news/digital/google-settles-ai-related-chip-patent-lawsuit-that-sought-1-67-billion/107140044
101,Firstpost,Google settles AI-chip IP infringement case that sought $1.6 bn damages for undisclosed amount,2024-01-25 10:41:04.393776,GoogleLaw Suits,YAHOO,https://www.firstpost.com/tech/google-settles-ai-chip-ip-infringement-case-that-sought-1-6-bn-damages-for-undisclosed-amount-13653312.html
102,The Economic Times,"Explained: Why are Apple, Amazon, Google and Meta facing antitrust lawsuits and huge fines?",2024-01-24 19:41:04.406828,GoogleLaw Suits,YAHOO,https://economictimes.indiatimes.com/tech/technology/explained-why-are-apple-amazon-google-and-meta-facing-antitrust-lawsuits-and-huge-fines/articleshow/107102982.cms
103,Outlook India,Delhi HC Asks Google To Suspend Links By Imposters For Starbucks Franchise,2024-01-24 19:41:04.409711,GoogleLaw Suits,YAHOO,https://www.outlookindia.com/national/delhi-hc-asks-google-to-suspend-links-by-imposters-for-starbucks-franchise-news-345279
104,Livemint,"AI race propels Microsoft, Meta, and Google to new highs. Here's why",2024-01-25 11:41:04.409711,GoogleLaw Suits,YAHOO,https://www.livemint.com/companies/news/ai-race-propels-silicon-valley-tech-firms-microsoft-meta-and-google-to-new-highs-heres-why-11706157543757.html
105,Business Insider India,Google Incognito mode has a new disclaimer – You are being tracked,2024-01-19 19:41:04.409711,GoogleLaw Suits,YAHOO,https://www.businessinsider.in/tech/news/google-incognito-mode-has-a-new-disclaimer-you-are-being-tracked/articleshow/106978305.cms
106,The Times of India,Google will soon tell Chrome users that incognito mode is ‘useless' - Times of India,2024-01-22 19:41:04.422764,GoogleLaw Suits,YAHOO,https://timesofindia.indiatimes.com/gadgets-news/google-chromes-incognito-mode-useless-for-data-privacy/articleshow_new/107048769.cms
107,LaptopMag,Chrome Incognito mode isn't as private as you thought,2024-01-18 19:41:04.422764,GoogleLaw Suits,YAHOO,https://www.laptopmag.com/software/browsers-search-engines/chrome-incognito-mode-isnt-as-private-as-you-thought
108,Business Standard India,OPPO signs cross-licence agreement with Nokia to resolve patent dispute,2024-01-25 11:41:04.422764,GoogleLaw Suits,YAHOO,https://www.business-standard.com/technology/tech-news/oppo-signs-cross-licence-agreement-with-nokia-to-resolve-patent-dispute-124012500253_1.html
109,The Economic Times,US states flex new power to steer antitrust lawsuits - ET LegalWorld,2024-01-20 19:41:04.438438,GoogleLaw Suits,YAHOO,https://legal.economictimes.indiatimes.com/news/international/us-states-flex-new-power-to-steer-antitrust-lawsuits/107012423
110,The Economic Times,Google settles AI-related chip patent lawsuit that sought $1.67 billion - ET BrandEquity,2024-01-25 13:41:04.438438,GoogleLaw Suits,YAHOO,https://brandequity.economictimes.indiatimes.com/news/digital/google-settles-ai-related-chip-patent-lawsuit-that-sought-1-67-billion/107140044
111,Firstpost,Google settles AI-chip IP infringement case that sought $1.6 bn damages for undisclosed amount,2024-01-25 10:41:04.438438,GoogleLaw Suits,YAHOO,https://www.firstpost.com/tech/google-settles-ai-chip-ip-infringement-case-that-sought-1-6-bn-damages-for-undisclosed-amount-13653312.html
112,The Economic Times,"Explained: Why are Apple, Amazon, Google and Meta facing antitrust lawsuits and huge fines?",2024-01-24 19:41:04.438438,GoogleLaw Suits,YAHOO,https://economictimes.indiatimes.com/tech/technology/explained-why-are-apple-amazon-google-and-meta-facing-antitrust-lawsuits-and-huge-fines/articleshow/107102982.cms
113,Outlook India,Delhi HC Asks Google To Suspend Links By Imposters For Starbucks Franchise,2024-01-24 19:41:04.456119,GoogleLaw Suits,YAHOO,https://www.outlookindia.com/national/delhi-hc-asks-google-to-suspend-links-by-imposters-for-starbucks-franchise-news-345279
114,Livemint,"AI race propels Microsoft, Meta, and Google to new highs. Here's why",2024-01-25 11:41:04.456119,GoogleLaw Suits,YAHOO,https://www.livemint.com/companies/news/ai-race-propels-silicon-valley-tech-firms-microsoft-meta-and-google-to-new-highs-heres-why-11706157543757.html
115,Business Insider India,Google Incognito mode has a new disclaimer – You are being tracked,2024-01-19 19:41:04.456119,GoogleLaw Suits,YAHOO,https://www.businessinsider.in/tech/news/google-incognito-mode-has-a-new-disclaimer-you-are-being-tracked/articleshow/106978305.cms
116,The Times of India,Google will soon tell Chrome users that incognito mode is ‘useless' - Times of India,2024-01-22 19:41:04.470171,GoogleLaw Suits,YAHOO,https://timesofindia.indiatimes.com/gadgets-news/google-chromes-incognito-mode-useless-for-data-privacy/articleshow_new/107048769.cms
117,LaptopMag,Chrome Incognito mode isn't as private as you thought,2024-01-18 19:41:04.470171,GoogleLaw Suits,YAHOO,https://www.laptopmag.com/software/browsers-search-engines/chrome-incognito-mode-isnt-as-private-as-you-thought
118,Business Standard India,OPPO signs cross-licence agreement with Nokia to resolve patent dispute,2024-01-25 11:41:04.470171,GoogleLaw Suits,YAHOO,https://www.business-standard.com/technology/tech-news/oppo-signs-cross-licence-agreement-with-nokia-to-resolve-patent-dispute-124012500253_1.html
119,The Economic Times,US states flex new power to steer antitrust lawsuits - ET LegalWorld,2024-01-20 19:41:04.470171,GoogleLaw Suits,YAHOO,https://legal.economictimes.indiatimes.com/news/international/us-states-flex-new-power-to-steer-antitrust-lawsuits/107012423
0,investor.apple.com › stock-price,Stock Price - Apple Investor Relations,,AppleStock Price,GOOGLE,/url?q=https://investor.apple.com/stock-price/default.aspx&sa=U&ved=2ahUKEwi0wMyB3PiDAxWi9zgGHQiOATsQFnoECAwQAg&usg=AOvVaw2n1ygB-YZH--Nz4DP2SXER
1,www.moneycontrol.com › US Markets,Apple Share Price Live Today - Moneycontrol,,AppleStock Price,GOOGLE,/url?q=https://www.moneycontrol.com/us-markets/stockpricequote/apple/AAPL&sa=U&ved=2ahUKEwi0wMyB3PiDAxWi9zgGHQiOATsQFnoECAkQAg&usg=AOvVaw3_oTC06FgDSG7OAmmtGl2c
2,www.marketwatch.com › Investing › Quotes › Stocks › United States,Apple Inc. Stock Quote (U.S.: Nasdaq) - AAPL - MarketWatch,,AppleStock Price,GOOGLE,/url?q=https://www.marketwatch.com/investing/stock/aapl&sa=U&ved=2ahUKEwi0wMyB3PiDAxWi9zgGHQiOATsQFnoECAQQAg&usg=AOvVaw0RKpwUm_WG5hS-KPIA9xjT
3,www.indmoney.com › US Stocks,Apple Share Price in India: AAPL Price in INR - ₹16.1K | INDmoney,,AppleStock Price,GOOGLE,/url?q=https://www.indmoney.com/us-stocks/aapl/apple-inc-share-price&sa=U&ved=2ahUKEwi0wMyB3PiDAxWi9zgGHQiOATsQFnoECAYQAg&usg=AOvVaw38Xnc4JfDzTdod-aKDPM9o
4,finance.yahoo.com › quote › AAPL,"Apple Inc. (AAPL) Stock Price, News, Quote & History - Yahoo Finance",,AppleStock Price,GOOGLE,/url?q=https://finance.yahoo.com/quote/AAPL/&sa=U&ved=2ahUKEwi0wMyB3PiDAxWi9zgGHQiOATsQFnoECAIQAg&usg=AOvVaw0tbs5BoXPEFPqDyk66SNtw
5,www.cnbc.com › quotes › AAPL,"AAPL: Apple Inc - Stock Price, Quote and News - CNBC",,AppleStock Price,GOOGLE,/url?q=https://www.cnbc.com/quotes/AAPL&sa=U&ved=2ahUKEwi0wMyB3PiDAxWi9zgGHQiOATsQFnoECAUQAg&usg=AOvVaw0P3ADJGDAP0if4SESTFkcd
6,markets.businessinsider.com › Stocks,"Apple Stock Price | AAPL Stock Quote, News, and History",,AppleStock Price,GOOGLE,/url?q=https://markets.businessinsider.com/stocks/aapl-stock&sa=U&ved=2ahUKEwi0wMyB3PiDAxWi9zgGHQiOATsQFnoECAoQAg&usg=AOvVaw0UcU4snkvo5R1QIM7rY3iJ
7,in.investing.com › Markets › Shares,Apple Share Price Today | NASDAQ AAPL Stock - Investing.com India,,AppleStock Price,GOOGLE,/url?q=https://in.investing.com/equities/apple-computer-inc&sa=U&ved=2ahUKEwi0wMyB3PiDAxWi9zgGHQiOATsQFnoECAsQAg&usg=AOvVaw13Lhz8_K6hx32BFTESL5Us
8,groww.in › US Stocks,"Apple Inc Share Price, AAPL Stock Price Quote Today - Groww",,AppleStock Price,GOOGLE,/url?q=https://groww.in/us-stocks/aapl&sa=U&ved=2ahUKEwi0wMyB3PiDAxWi9zgGHQiOATsQFnoECAgQAg&usg=AOvVaw0dL0MrcQ1BiTLsdvFIJvOt
0,Interaction Design Foundation,What is Human-Computer Interaction (HCI)?,2024-01-19,AppleLaw Suits,BING,https://www.interaction-design.org/literature/topics/human-computer-interaction?page=3
1,Science Daily,Top Science News,2024-01-17,AppleLaw Suits,BING,https://www.sciencedaily.com/
2,Geeky Gadgets,The Latest Technology News,2024-01-18,AppleLaw Suits,BING,https://www.geeky-gadgets.com/
3,ABC News,U.S. News,2024-01-18,AppleLaw Suits,BING,https://abcnews.go.com/US
4,The Times,The Times & The Sunday Times Homepage,2024-01-24,AppleLaw Suits,BING,https://www.thetimes.co.uk/
5,NPR,"NPR - Breaking News, Analysis, Music, Arts & Podcasts",2024-01-24,AppleLaw Suits,BING,https://www.npr.org/
6,The Jerusalem Post Blogs,Israel News,2024-01-23,AppleLaw Suits,BING,https://www.jpost.com/Israel-News
7,InkFreeNews,"The most ""Liked"" up-to-the-minute news in Kosciusko County, Indiana",2024-01-23,AppleLaw Suits,BING,https://www.inkfreenews.com/
8,The New York Times,World News,2024-01-23,AppleLaw Suits,BING,https://www.nytimes.com/international/section/world?page=3
9,Commercial-News,Pritzker touts climate investments despite renewables lagging state goals,2024-01-22,AppleLaw Suits,BING,https://www.commercial-news.com/
10,bjpenn,MMA News,2024-01-15,AppleLaw Suits,BING,https://www.bjpenn.com/
11,The New York Times,Book Review,2024-01-22,AppleLaw Suits,BING,https://www.nytimes.com/ca/section/books/review?page=3
12,Interaction Design Foundation,What is Human-Computer Interaction (HCI)?,2024-01-19,AppleLaw Suits,BING,https://www.interaction-design.org/literature/topics/human-computer-interaction?page=3
13,Science Daily,Top Science News,2024-01-17,AppleLaw Suits,BING,https://www.sciencedaily.com/
14,ABC News,U.S. News,2024-01-18,AppleLaw Suits,BING,https://abcnews.go.com/US
15,The Times,The Times & The Sunday Times Homepage,2024-01-24,AppleLaw Suits,BING,https://www.thetimes.co.uk/
16,Sky,Sky News Live: Watch or listen,2024-01-17,AppleLaw Suits,BING,https://news.sky.com/watch-live
17,Yonhap News Agency,Yonhap News Agency,2024-01-22,AppleLaw Suits,BING,https://en.yna.co.kr/
18,InkFreeNews,"The most ""Liked"" up-to-the-minute news in Kosciusko County, Indiana",2024-01-23,AppleLaw Suits,BING,https://www.inkfreenews.com/
19,The New York Times,World News,2024-01-23,AppleLaw Suits,BING,https://www.nytimes.com/international/section/world?page=3
20,Commercial-News,Pritzker touts climate investments despite renewables lagging state goals,2024-01-22,AppleLaw Suits,BING,https://www.commercial-news.com/
21,bjpenn,MMA News,2024-01-15,AppleLaw Suits,BING,https://www.bjpenn.com/
22,The New York Times,Book Review,2024-01-22,AppleLaw Suits,BING,https://www.nytimes.com/ca/section/books/review?page=3
23,Interaction Design Foundation,What is Human-Computer Interaction (HCI)?,2024-01-19,AppleLaw Suits,BING,https://www.interaction-design.org/literature/topics/human-computer-interaction?page=3
24,Science Daily,Top Science News,2024-01-17,AppleLaw Suits,BING,https://www.sciencedaily.com/
25,Geeky Gadgets,The Latest Technology News,2024-01-18,AppleLaw Suits,BING,https://www.geeky-gadgets.com/
26,ABC News,U.S. News,2024-01-18,AppleLaw Suits,BING,https://abcnews.go.com/US
27,The Times,The Times & The Sunday Times Homepage,2024-01-24,AppleLaw Suits,BING,https://www.thetimes.co.uk/
28,NPR,"NPR - Breaking News, Analysis, Music, Arts & Podcasts",2024-01-24,AppleLaw Suits,BING,https://www.npr.org/
29,The Jerusalem Post Blogs,Israel News,2024-01-23,AppleLaw Suits,BING,https://www.jpost.com/Israel-News
30,InkFreeNews,"The most ""Liked"" up-to-the-minute news in Kosciusko County, Indiana",2024-01-23,AppleLaw Suits,BING,https://www.inkfreenews.com/
31,The New York Times,World News,2024-01-23,AppleLaw Suits,BING,https://www.nytimes.com/international/section/world?page=3
32,Commercial-News,Pritzker touts climate investments despite renewables lagging state goals,2024-01-22,AppleLaw Suits,BING,https://www.commercial-news.com/
33,bjpenn,MMA News,2024-01-15,AppleLaw Suits,BING,https://www.bjpenn.com/
34,The New York Times,Book Review,2024-01-22,AppleLaw Suits,BING,https://www.nytimes.com/ca/section/books/review?page=3
